[
    {
        "Carimbo de data/hora": "02/02/2024 19:21:58",
        "Endereço de e-mail": "juan.flores2@estudante.ifto.edu.br",
        "Qual o seu nome completo ?": "Juan Felipe Alves Flores",
        "Qual a sua idade ?": "18 a 19 anos",
        "Qual o seu genêro sexual ?": "Masculino",
        "Qual a sua escolaridade ?": "Ensino Superior",
        "Você fez o Enem ?": "Sim",
        "Quantas horas de estudo por semana nessa disciplina ?": "Não estudo nenhuma hora",
        "Consigo identificar e entender as principais características e conceitos da arte contemporânea, como body art e arte digital?": "5",
        "Sinto-me capaz de analisar e interpretar obras de arte contemporâneas, considerando seu contexto e mensagem?": "5",
        "Tenho habilidade para relacionar as formas de expressão da arte contemporânea, como performances e instalações, com questões sociais e culturais atuais?": "5",
        "Entendo as principais características e influências das vanguardas artísticas europeias, como o expressionismo, cubismo e surrealismo?": "4",
        "Sou capaz de identificar as diferenças entre as várias vanguardas artísticas e explicar suas propostas de inovação na arte?": "3",
        "Consigo relacionar obras e artistas específicos às suas respectivas vanguardas artísticas?": "2",
        "Tenho conhecimento sobre o modernismo, especialmente no contexto brasileiro, e suas principais características e representantes?": "4",
        "Consigo compreender como o modernismo brasileiro foi influenciado pelas vanguardas europeias e ainda assim desenvolveu uma identidade própria?": "3",
        "Sinto-me confiante ao analisar obras modernistas, como as de Tarsila do Amaral, considerando seu contexto histórico e temático?": "3",
        "Tenho conhecimento sobre a história da arte em geral e posso identificar diferentes estilos e períodos artísticos?": "3",
        "Sinto-me confortável ao analisar e interpretar diferentes formas de arte, como fotografia, ópera do século XIX e xilogravura nordestina?": "3",
        "Consigo apreciar e entender a importância cultural de expressões artísticas como a cerâmica marajoara e a colagem?": "4",
        "Tenho conhecimento sobre a influência e as características da arte de origem africana no Brasil e das tradições indígenas?": "3",
        "Consigo reconhecer e valorizar a contribuição dessas culturas para a diversidade e riqueza da arte brasileira?": "4",
        "Sinto-me capaz de identificar e interpretar elementos culturais africanos e indígenas em diversas formas de expressão artística no Brasil?": "2"
    },
    {
        "Carimbo de data/hora": "02/02/2024 19:24:17",
        "Endereço de e-mail": "andrevictor03092001@gmail.com",
        "Qual o seu nome completo ?": "André Victor Matos de Carvalho ",
        "Qual a sua idade ?": "acima de 21 anos",
        "Qual o seu genêro sexual ?": "Masculino",
        "Qual a sua escolaridade ?": "Ensino Superior",
        "Você fez o Enem ?": "Sim",
        "Quantas horas de estudo por semana nessa disciplina ?": "De uma a três horas por semana",
        "Consigo identificar e entender as principais características e conceitos da arte contemporânea, como body art e arte digital?": "1",
        "Sinto-me capaz de analisar e interpretar obras de arte contemporâneas, considerando seu contexto e mensagem?": "1",
        "Tenho habilidade para relacionar as formas de expressão da arte contemporânea, como performances e instalações, com questões sociais e culturais atuais?": "2",
        "Entendo as principais características e influências das vanguardas artísticas europeias, como o expressionismo, cubismo e surrealismo?": "4",
        "Sou capaz de identificar as diferenças entre as várias vanguardas artísticas e explicar suas propostas de inovação na arte?": "3",
        "Consigo relacionar obras e artistas específicos às suas respectivas vanguardas artísticas?": "4",
        "Tenho conhecimento sobre o modernismo, especialmente no contexto brasileiro, e suas principais características e representantes?": "2",
        "Consigo compreender como o modernismo brasileiro foi influenciado pelas vanguardas europeias e ainda assim desenvolveu uma identidade própria?": "2",
        "Sinto-me confiante ao analisar obras modernistas, como as de Tarsila do Amaral, considerando seu contexto histórico e temático?": "1",
        "Tenho conhecimento sobre a história da arte em geral e posso identificar diferentes estilos e períodos artísticos?": "2",
        "Sinto-me confortável ao analisar e interpretar diferentes formas de arte, como fotografia, ópera do século XIX e xilogravura nordestina?": "1",
        "Consigo apreciar e entender a importância cultural de expressões artísticas como a cerâmica marajoara e a colagem?": "2",
        "Tenho conhecimento sobre a influência e as características da arte de origem africana no Brasil e das tradições indígenas?": "1",
        "Consigo reconhecer e valorizar a contribuição dessas culturas para a diversidade e riqueza da arte brasileira?": "3",
        "Sinto-me capaz de identificar e interpretar elementos culturais africanos e indígenas em diversas formas de expressão artística no Brasil?": "2"
    },
    {
        "Carimbo de data/hora": "02/02/2024 19:29:17",
        "Endereço de e-mail": "danilo.leao2@estudante.ifto.edu.br",
        "Qual o seu nome completo ?": "Danilo Borges Leão",
        "Qual a sua idade ?": "20 a 21 anos",
        "Qual o seu genêro sexual ?": "Masculino",
        "Qual a sua escolaridade ?": "Ensino Superior",
        "Você fez o Enem ?": "Sim",
        "Quantas horas de estudo por semana nessa disciplina ?": "Não estudo nenhuma hora",
        "Consigo identificar e entender as principais características e conceitos da arte contemporânea, como body art e arte digital?": "1",
        "Sinto-me capaz de analisar e interpretar obras de arte contemporâneas, considerando seu contexto e mensagem?": "1",
        "Tenho habilidade para relacionar as formas de expressão da arte contemporânea, como performances e instalações, com questões sociais e culturais atuais?": "1",
        "Entendo as principais características e influências das vanguardas artísticas europeias, como o expressionismo, cubismo e surrealismo?": "1",
        "Sou capaz de identificar as diferenças entre as várias vanguardas artísticas e explicar suas propostas de inovação na arte?": "1",
        "Consigo relacionar obras e artistas específicos às suas respectivas vanguardas artísticas?": "1",
        "Tenho conhecimento sobre o modernismo, especialmente no contexto brasileiro, e suas principais características e representantes?": "1",
        "Consigo compreender como o modernismo brasileiro foi influenciado pelas vanguardas europeias e ainda assim desenvolveu uma identidade própria?": "1",
        "Sinto-me confiante ao analisar obras modernistas, como as de Tarsila do Amaral, considerando seu contexto histórico e temático?": "1",
        "Tenho conhecimento sobre a história da arte em geral e posso identificar diferentes estilos e períodos artísticos?": "1",
        "Sinto-me confortável ao analisar e interpretar diferentes formas de arte, como fotografia, ópera do século XIX e xilogravura nordestina?": "1",
        "Consigo apreciar e entender a importância cultural de expressões artísticas como a cerâmica marajoara e a colagem?": "1",
        "Tenho conhecimento sobre a influência e as características da arte de origem africana no Brasil e das tradições indígenas?": "1",
        "Consigo reconhecer e valorizar a contribuição dessas culturas para a diversidade e riqueza da arte brasileira?": "1",
        "Sinto-me capaz de identificar e interpretar elementos culturais africanos e indígenas em diversas formas de expressão artística no Brasil?": "1"
    },
    {
        "Carimbo de data/hora": "02/02/2024 19:29:40",
        "Endereço de e-mail": "adelson.nunes@estudante.ifto.edu.br",
        "Qual o seu nome completo ?": "Adelson Teodoro Nunes",
        "Qual a sua idade ?": "acima de 21 anos",
        "Qual o seu genêro sexual ?": "Masculino",
        "Qual a sua escolaridade ?": "Ensino Superior",
        "Você fez o Enem ?": "Sim",
        "Quantas horas de estudo por semana nessa disciplina ?": "Não estudo nenhuma hora",
        "Consigo identificar e entender as principais características e conceitos da arte contemporânea, como body art e arte digital?": "3",
        "Sinto-me capaz de analisar e interpretar obras de arte contemporâneas, considerando seu contexto e mensagem?": "3",
        "Tenho habilidade para relacionar as formas de expressão da arte contemporânea, como performances e instalações, com questões sociais e culturais atuais?": "3",
        "Entendo as principais características e influências das vanguardas artísticas europeias, como o expressionismo, cubismo e surrealismo?": "3",
        "Sou capaz de identificar as diferenças entre as várias vanguardas artísticas e explicar suas propostas de inovação na arte?": "4",
        "Consigo relacionar obras e artistas específicos às suas respectivas vanguardas artísticas?": "3",
        "Tenho conhecimento sobre o modernismo, especialmente no contexto brasileiro, e suas principais características e representantes?": "2",
        "Consigo compreender como o modernismo brasileiro foi influenciado pelas vanguardas europeias e ainda assim desenvolveu uma identidade própria?": "2",
        "Sinto-me confiante ao analisar obras modernistas, como as de Tarsila do Amaral, considerando seu contexto histórico e temático?": "2",
        "Tenho conhecimento sobre a história da arte em geral e posso identificar diferentes estilos e períodos artísticos?": "2",
        "Sinto-me confortável ao analisar e interpretar diferentes formas de arte, como fotografia, ópera do século XIX e xilogravura nordestina?": "2",
        "Consigo apreciar e entender a importância cultural de expressões artísticas como a cerâmica marajoara e a colagem?": "2",
        "Tenho conhecimento sobre a influência e as características da arte de origem africana no Brasil e das tradições indígenas?": "4",
        "Consigo reconhecer e valorizar a contribuição dessas culturas para a diversidade e riqueza da arte brasileira?": "5",
        "Sinto-me capaz de identificar e interpretar elementos culturais africanos e indígenas em diversas formas de expressão artística no Brasil?": "4"
    },
    {
        "Carimbo de data/hora": "02/02/2024 19:30:31",
        "Endereço de e-mail": "victor.ferraz@estudante.ifto.edu.br",
        "Qual o seu nome completo ?": "VICTOR MANOEL DE SOUSA FERRAZ",
        "Qual a sua idade ?": "20 a 21 anos",
        "Qual o seu genêro sexual ?": "Masculino",
        "Qual a sua escolaridade ?": "Ensino Superior",
        "Você fez o Enem ?": "Não",
        "Quantas horas de estudo por semana nessa disciplina ?": "Não estudo nenhuma hora",
        "Consigo identificar e entender as principais características e conceitos da arte contemporânea, como body art e arte digital?": "3",
        "Sinto-me capaz de analisar e interpretar obras de arte contemporâneas, considerando seu contexto e mensagem?": "2",
        "Tenho habilidade para relacionar as formas de expressão da arte contemporânea, como performances e instalações, com questões sociais e culturais atuais?": "3",
        "Entendo as principais características e influências das vanguardas artísticas europeias, como o expressionismo, cubismo e surrealismo?": "4",
        "Sou capaz de identificar as diferenças entre as várias vanguardas artísticas e explicar suas propostas de inovação na arte?": "1",
        "Consigo relacionar obras e artistas específicos às suas respectivas vanguardas artísticas?": "2",
        "Tenho conhecimento sobre o modernismo, especialmente no contexto brasileiro, e suas principais características e representantes?": "3",
        "Consigo compreender como o modernismo brasileiro foi influenciado pelas vanguardas europeias e ainda assim desenvolveu uma identidade própria?": "4",
        "Sinto-me confiante ao analisar obras modernistas, como as de Tarsila do Amaral, considerando seu contexto histórico e temático?": "3",
        "Tenho conhecimento sobre a história da arte em geral e posso identificar diferentes estilos e períodos artísticos?": "2",
        "Sinto-me confortável ao analisar e interpretar diferentes formas de arte, como fotografia, ópera do século XIX e xilogravura nordestina?": "2",
        "Consigo apreciar e entender a importância cultural de expressões artísticas como a cerâmica marajoara e a colagem?": "5",
        "Tenho conhecimento sobre a influência e as características da arte de origem africana no Brasil e das tradições indígenas?": "4",
        "Consigo reconhecer e valorizar a contribuição dessas culturas para a diversidade e riqueza da arte brasileira?": "5",
        "Sinto-me capaz de identificar e interpretar elementos culturais africanos e indígenas em diversas formas de expressão artística no Brasil?": "4"
    },
    {
        "Carimbo de data/hora": "02/02/2024 19:31:05",
        "Endereço de e-mail": "jhon.silva2@estudante.ifto.edu.br",
        "Qual o seu nome completo ?": "Jhon Henrique Rodrigues da Silva",
        "Qual a sua idade ?": "20 a 21 anos",
        "Qual o seu genêro sexual ?": "Masculino",
        "Qual a sua escolaridade ?": "Ensino Superior",
        "Você fez o Enem ?": "Sim",
        "Quantas horas de estudo por semana nessa disciplina ?": "Não estudo nenhuma hora",
        "Consigo identificar e entender as principais características e conceitos da arte contemporânea, como body art e arte digital?": "3",
        "Sinto-me capaz de analisar e interpretar obras de arte contemporâneas, considerando seu contexto e mensagem?": "1",
        "Tenho habilidade para relacionar as formas de expressão da arte contemporânea, como performances e instalações, com questões sociais e culturais atuais?": "2",
        "Entendo as principais características e influências das vanguardas artísticas europeias, como o expressionismo, cubismo e surrealismo?": "1",
        "Sou capaz de identificar as diferenças entre as várias vanguardas artísticas e explicar suas propostas de inovação na arte?": "1",
        "Consigo relacionar obras e artistas específicos às suas respectivas vanguardas artísticas?": "1",
        "Tenho conhecimento sobre o modernismo, especialmente no contexto brasileiro, e suas principais características e representantes?": "1",
        "Consigo compreender como o modernismo brasileiro foi influenciado pelas vanguardas europeias e ainda assim desenvolveu uma identidade própria?": "1",
        "Sinto-me confiante ao analisar obras modernistas, como as de Tarsila do Amaral, considerando seu contexto histórico e temático?": "1",
        "Tenho conhecimento sobre a história da arte em geral e posso identificar diferentes estilos e períodos artísticos?": "1",
        "Sinto-me confortável ao analisar e interpretar diferentes formas de arte, como fotografia, ópera do século XIX e xilogravura nordestina?": "2",
        "Consigo apreciar e entender a importância cultural de expressões artísticas como a cerâmica marajoara e a colagem?": "1",
        "Tenho conhecimento sobre a influência e as características da arte de origem africana no Brasil e das tradições indígenas?": "1",
        "Consigo reconhecer e valorizar a contribuição dessas culturas para a diversidade e riqueza da arte brasileira?": "1",
        "Sinto-me capaz de identificar e interpretar elementos culturais africanos e indígenas em diversas formas de expressão artística no Brasil?": "1"
    },
    {
        "Carimbo de data/hora": "02/02/2024 19:32:13",
        "Endereço de e-mail": "arthur.costa6@estudante.ifto.edu.br",
        "Qual o seu nome completo ?": "Arthur Duarte da Costa",
        "Qual a sua idade ?": "acima de 21 anos",
        "Qual o seu genêro sexual ?": "Masculino",
        "Qual a sua escolaridade ?": "Ensino Superior",
        "Você fez o Enem ?": "Não",
        "Quantas horas de estudo por semana nessa disciplina ?": "Não estudo nenhuma hora",
        "Consigo identificar e entender as principais características e conceitos da arte contemporânea, como body art e arte digital?": "4",
        "Sinto-me capaz de analisar e interpretar obras de arte contemporâneas, considerando seu contexto e mensagem?": "4",
        "Tenho habilidade para relacionar as formas de expressão da arte contemporânea, como performances e instalações, com questões sociais e culturais atuais?": "3",
        "Entendo as principais características e influências das vanguardas artísticas europeias, como o expressionismo, cubismo e surrealismo?": "2",
        "Sou capaz de identificar as diferenças entre as várias vanguardas artísticas e explicar suas propostas de inovação na arte?": "2",
        "Consigo relacionar obras e artistas específicos às suas respectivas vanguardas artísticas?": "2",
        "Tenho conhecimento sobre o modernismo, especialmente no contexto brasileiro, e suas principais características e representantes?": "2",
        "Consigo compreender como o modernismo brasileiro foi influenciado pelas vanguardas europeias e ainda assim desenvolveu uma identidade própria?": "2",
        "Sinto-me confiante ao analisar obras modernistas, como as de Tarsila do Amaral, considerando seu contexto histórico e temático?": "2",
        "Tenho conhecimento sobre a história da arte em geral e posso identificar diferentes estilos e períodos artísticos?": "3",
        "Sinto-me confortável ao analisar e interpretar diferentes formas de arte, como fotografia, ópera do século XIX e xilogravura nordestina?": "3",
        "Consigo apreciar e entender a importância cultural de expressões artísticas como a cerâmica marajoara e a colagem?": "3",
        "Tenho conhecimento sobre a influência e as características da arte de origem africana no Brasil e das tradições indígenas?": "3",
        "Consigo reconhecer e valorizar a contribuição dessas culturas para a diversidade e riqueza da arte brasileira?": "4",
        "Sinto-me capaz de identificar e interpretar elementos culturais africanos e indígenas em diversas formas de expressão artística no Brasil?": "4"
    },
    {
        "Carimbo de data/hora": "02/02/2024 19:32:40",
        "Endereço de e-mail": "saviovitor2@gmail.com",
        "Qual o seu nome completo ?": "Savio Vitor Alves dos Santos",
        "Qual a sua idade ?": "18 a 19 anos",
        "Qual o seu genêro sexual ?": "Masculino",
        "Qual a sua escolaridade ?": "Ensino Superior",
        "Você fez o Enem ?": "Sim",
        "Quantas horas de estudo por semana nessa disciplina ?": "De três a cinco horas por semana",
        "Consigo identificar e entender as principais características e conceitos da arte contemporânea, como body art e arte digital?": "4",
        "Sinto-me capaz de analisar e interpretar obras de arte contemporâneas, considerando seu contexto e mensagem?": "3",
        "Tenho habilidade para relacionar as formas de expressão da arte contemporânea, como performances e instalações, com questões sociais e culturais atuais?": "4",
        "Entendo as principais características e influências das vanguardas artísticas europeias, como o expressionismo, cubismo e surrealismo?": "4",
        "Sou capaz de identificar as diferenças entre as várias vanguardas artísticas e explicar suas propostas de inovação na arte?": "3",
        "Consigo relacionar obras e artistas específicos às suas respectivas vanguardas artísticas?": "2",
        "Tenho conhecimento sobre o modernismo, especialmente no contexto brasileiro, e suas principais características e representantes?": "4",
        "Consigo compreender como o modernismo brasileiro foi influenciado pelas vanguardas europeias e ainda assim desenvolveu uma identidade própria?": "3",
        "Sinto-me confiante ao analisar obras modernistas, como as de Tarsila do Amaral, considerando seu contexto histórico e temático?": "4",
        "Tenho conhecimento sobre a história da arte em geral e posso identificar diferentes estilos e períodos artísticos?": "3",
        "Sinto-me confortável ao analisar e interpretar diferentes formas de arte, como fotografia, ópera do século XIX e xilogravura nordestina?": "4",
        "Consigo apreciar e entender a importância cultural de expressões artísticas como a cerâmica marajoara e a colagem?": "4",
        "Tenho conhecimento sobre a influência e as características da arte de origem africana no Brasil e das tradições indígenas?": "4",
        "Consigo reconhecer e valorizar a contribuição dessas culturas para a diversidade e riqueza da arte brasileira?": "4",
        "Sinto-me capaz de identificar e interpretar elementos culturais africanos e indígenas em diversas formas de expressão artística no Brasil?": "4"
    },
    {
        "Carimbo de data/hora": "02/02/2024 19:33:04",
        "Endereço de e-mail": "allan.nascimento2@estudante.ifto.edu.br",
        "Qual o seu nome completo ?": "Allan Batista do Nascimento",
        "Qual a sua idade ?": "acima de 21 anos",
        "Qual o seu genêro sexual ?": "Masculino",
        "Qual a sua escolaridade ?": "Ensino Superior",
        "Você fez o Enem ?": "Sim",
        "Quantas horas de estudo por semana nessa disciplina ?": "De uma a três horas por semana",
        "Consigo identificar e entender as principais características e conceitos da arte contemporânea, como body art e arte digital?": "3",
        "Sinto-me capaz de analisar e interpretar obras de arte contemporâneas, considerando seu contexto e mensagem?": "3",
        "Tenho habilidade para relacionar as formas de expressão da arte contemporânea, como performances e instalações, com questões sociais e culturais atuais?": "3",
        "Entendo as principais características e influências das vanguardas artísticas europeias, como o expressionismo, cubismo e surrealismo?": "3",
        "Sou capaz de identificar as diferenças entre as várias vanguardas artísticas e explicar suas propostas de inovação na arte?": "2",
        "Consigo relacionar obras e artistas específicos às suas respectivas vanguardas artísticas?": "2",
        "Tenho conhecimento sobre o modernismo, especialmente no contexto brasileiro, e suas principais características e representantes?": "2",
        "Consigo compreender como o modernismo brasileiro foi influenciado pelas vanguardas europeias e ainda assim desenvolveu uma identidade própria?": "2",
        "Sinto-me confiante ao analisar obras modernistas, como as de Tarsila do Amaral, considerando seu contexto histórico e temático?": "1",
        "Tenho conhecimento sobre a história da arte em geral e posso identificar diferentes estilos e períodos artísticos?": "2",
        "Sinto-me confortável ao analisar e interpretar diferentes formas de arte, como fotografia, ópera do século XIX e xilogravura nordestina?": "1",
        "Consigo apreciar e entender a importância cultural de expressões artísticas como a cerâmica marajoara e a colagem?": "1",
        "Tenho conhecimento sobre a influência e as características da arte de origem africana no Brasil e das tradições indígenas?": "2",
        "Consigo reconhecer e valorizar a contribuição dessas culturas para a diversidade e riqueza da arte brasileira?": "3",
        "Sinto-me capaz de identificar e interpretar elementos culturais africanos e indígenas em diversas formas de expressão artística no Brasil?": "2"
    },
    {
        "Carimbo de data/hora": "02/02/2024 19:33:28",
        "Endereço de e-mail": "samylla.aguiar@estudante.ifto.edu.br",
        "Qual o seu nome completo ?": "Samylla Marinho da Silva Aguiar",
        "Qual a sua idade ?": "18 a 19 anos",
        "Qual o seu genêro sexual ?": "Feminino",
        "Qual a sua escolaridade ?": "Ensino Superior",
        "Você fez o Enem ?": "Sim",
        "Quantas horas de estudo por semana nessa disciplina ?": "Não estudo nenhuma hora",
        "Consigo identificar e entender as principais características e conceitos da arte contemporânea, como body art e arte digital?": "1",
        "Sinto-me capaz de analisar e interpretar obras de arte contemporâneas, considerando seu contexto e mensagem?": "1",
        "Tenho habilidade para relacionar as formas de expressão da arte contemporânea, como performances e instalações, com questões sociais e culturais atuais?": "2",
        "Entendo as principais características e influências das vanguardas artísticas europeias, como o expressionismo, cubismo e surrealismo?": "1",
        "Sou capaz de identificar as diferenças entre as várias vanguardas artísticas e explicar suas propostas de inovação na arte?": "1",
        "Consigo relacionar obras e artistas específicos às suas respectivas vanguardas artísticas?": "3",
        "Tenho conhecimento sobre o modernismo, especialmente no contexto brasileiro, e suas principais características e representantes?": "2",
        "Consigo compreender como o modernismo brasileiro foi influenciado pelas vanguardas europeias e ainda assim desenvolveu uma identidade própria?": "2",
        "Sinto-me confiante ao analisar obras modernistas, como as de Tarsila do Amaral, considerando seu contexto histórico e temático?": "2",
        "Tenho conhecimento sobre a história da arte em geral e posso identificar diferentes estilos e períodos artísticos?": "1",
        "Sinto-me confortável ao analisar e interpretar diferentes formas de arte, como fotografia, ópera do século XIX e xilogravura nordestina?": "3",
        "Consigo apreciar e entender a importância cultural de expressões artísticas como a cerâmica marajoara e a colagem?": "2",
        "Tenho conhecimento sobre a influência e as características da arte de origem africana no Brasil e das tradições indígenas?": "3",
        "Consigo reconhecer e valorizar a contribuição dessas culturas para a diversidade e riqueza da arte brasileira?": "5",
        "Sinto-me capaz de identificar e interpretar elementos culturais africanos e indígenas em diversas formas de expressão artística no Brasil?": "2"
    },
    {
        "Carimbo de data/hora": "02/02/2024 19:34:34",
        "Endereço de e-mail": "saraghabrielly@gmail.com",
        "Qual o seu nome completo ?": "saraghabrielly@gmail.com",
        "Qual a sua idade ?": "18 a 19 anos",
        "Qual o seu genêro sexual ?": "Feminino",
        "Qual a sua escolaridade ?": "Ensino Superior",
        "Você fez o Enem ?": "Sim",
        "Quantas horas de estudo por semana nessa disciplina ?": "Não estudo nenhuma hora",
        "Consigo identificar e entender as principais características e conceitos da arte contemporânea, como body art e arte digital?": "1",
        "Sinto-me capaz de analisar e interpretar obras de arte contemporâneas, considerando seu contexto e mensagem?": "4",
        "Tenho habilidade para relacionar as formas de expressão da arte contemporânea, como performances e instalações, com questões sociais e culturais atuais?": "4",
        "Entendo as principais características e influências das vanguardas artísticas europeias, como o expressionismo, cubismo e surrealismo?": "1",
        "Sou capaz de identificar as diferenças entre as várias vanguardas artísticas e explicar suas propostas de inovação na arte?": "1",
        "Consigo relacionar obras e artistas específicos às suas respectivas vanguardas artísticas?": "3",
        "Tenho conhecimento sobre o modernismo, especialmente no contexto brasileiro, e suas principais características e representantes?": "3",
        "Consigo compreender como o modernismo brasileiro foi influenciado pelas vanguardas europeias e ainda assim desenvolveu uma identidade própria?": "2",
        "Sinto-me confiante ao analisar obras modernistas, como as de Tarsila do Amaral, considerando seu contexto histórico e temático?": "1",
        "Tenho conhecimento sobre a história da arte em geral e posso identificar diferentes estilos e períodos artísticos?": "3",
        "Sinto-me confortável ao analisar e interpretar diferentes formas de arte, como fotografia, ópera do século XIX e xilogravura nordestina?": "3",
        "Consigo apreciar e entender a importância cultural de expressões artísticas como a cerâmica marajoara e a colagem?": "3",
        "Tenho conhecimento sobre a influência e as características da arte de origem africana no Brasil e das tradições indígenas?": "2",
        "Consigo reconhecer e valorizar a contribuição dessas culturas para a diversidade e riqueza da arte brasileira?": "4",
        "Sinto-me capaz de identificar e interpretar elementos culturais africanos e indígenas em diversas formas de expressão artística no Brasil?": "3"
    },
    {
        "Carimbo de data/hora": "02/02/2024 19:35:01",
        "Endereço de e-mail": "ayalon.dutra2@estudante.ifto.edu.br",
        "Qual o seu nome completo ?": "Ayalon Emanuel Gomes Dutra",
        "Qual a sua idade ?": "18 a 19 anos",
        "Qual o seu genêro sexual ?": "Masculino",
        "Qual a sua escolaridade ?": "Ensino Superior",
        "Você fez o Enem ?": "Sim",
        "Quantas horas de estudo por semana nessa disciplina ?": "Não estudo nenhuma hora",
        "Consigo identificar e entender as principais características e conceitos da arte contemporânea, como body art e arte digital?": "2",
        "Sinto-me capaz de analisar e interpretar obras de arte contemporâneas, considerando seu contexto e mensagem?": "4",
        "Tenho habilidade para relacionar as formas de expressão da arte contemporânea, como performances e instalações, com questões sociais e culturais atuais?": "4",
        "Entendo as principais características e influências das vanguardas artísticas europeias, como o expressionismo, cubismo e surrealismo?": "4",
        "Sou capaz de identificar as diferenças entre as várias vanguardas artísticas e explicar suas propostas de inovação na arte?": "2",
        "Consigo relacionar obras e artistas específicos às suas respectivas vanguardas artísticas?": "4",
        "Tenho conhecimento sobre o modernismo, especialmente no contexto brasileiro, e suas principais características e representantes?": "4",
        "Consigo compreender como o modernismo brasileiro foi influenciado pelas vanguardas europeias e ainda assim desenvolveu uma identidade própria?": "4",
        "Sinto-me confiante ao analisar obras modernistas, como as de Tarsila do Amaral, considerando seu contexto histórico e temático?": "4",
        "Tenho conhecimento sobre a história da arte em geral e posso identificar diferentes estilos e períodos artísticos?": "2",
        "Sinto-me confortável ao analisar e interpretar diferentes formas de arte, como fotografia, ópera do século XIX e xilogravura nordestina?": "2",
        "Consigo apreciar e entender a importância cultural de expressões artísticas como a cerâmica marajoara e a colagem?": "1",
        "Tenho conhecimento sobre a influência e as características da arte de origem africana no Brasil e das tradições indígenas?": "2",
        "Consigo reconhecer e valorizar a contribuição dessas culturas para a diversidade e riqueza da arte brasileira?": "4",
        "Sinto-me capaz de identificar e interpretar elementos culturais africanos e indígenas em diversas formas de expressão artística no Brasil?": "4"
    },
    {
        "Carimbo de data/hora": "02/02/2024 19:35:38",
        "Endereço de e-mail": "theo.magno2@estudante.ifto.edu.br",
        "Qual o seu nome completo ?": "Theo da Silva Magno",
        "Qual a sua idade ?": "18 a 19 anos",
        "Qual o seu genêro sexual ?": "Masculino",
        "Qual a sua escolaridade ?": "Ensino Médio",
        "Você fez o Enem ?": "Sim",
        "Quantas horas de estudo por semana nessa disciplina ?": "Não estudo nenhuma hora",
        "Consigo identificar e entender as principais características e conceitos da arte contemporânea, como body art e arte digital?": "5",
        "Sinto-me capaz de analisar e interpretar obras de arte contemporâneas, considerando seu contexto e mensagem?": "4",
        "Tenho habilidade para relacionar as formas de expressão da arte contemporânea, como performances e instalações, com questões sociais e culturais atuais?": "4",
        "Entendo as principais características e influências das vanguardas artísticas europeias, como o expressionismo, cubismo e surrealismo?": "3",
        "Sou capaz de identificar as diferenças entre as várias vanguardas artísticas e explicar suas propostas de inovação na arte?": "2",
        "Consigo relacionar obras e artistas específicos às suas respectivas vanguardas artísticas?": "2",
        "Tenho conhecimento sobre o modernismo, especialmente no contexto brasileiro, e suas principais características e representantes?": "3",
        "Consigo compreender como o modernismo brasileiro foi influenciado pelas vanguardas europeias e ainda assim desenvolveu uma identidade própria?": "4",
        "Sinto-me confiante ao analisar obras modernistas, como as de Tarsila do Amaral, considerando seu contexto histórico e temático?": "4",
        "Tenho conhecimento sobre a história da arte em geral e posso identificar diferentes estilos e períodos artísticos?": "5",
        "Sinto-me confortável ao analisar e interpretar diferentes formas de arte, como fotografia, ópera do século XIX e xilogravura nordestina?": "3",
        "Consigo apreciar e entender a importância cultural de expressões artísticas como a cerâmica marajoara e a colagem?": "1",
        "Tenho conhecimento sobre a influência e as características da arte de origem africana no Brasil e das tradições indígenas?": "3",
        "Consigo reconhecer e valorizar a contribuição dessas culturas para a diversidade e riqueza da arte brasileira?": "5",
        "Sinto-me capaz de identificar e interpretar elementos culturais africanos e indígenas em diversas formas de expressão artística no Brasil?": "4"
    },
    {
        "Carimbo de data/hora": "02/02/2024 19:38:25",
        "Endereço de e-mail": "waterranger01@gmail.com",
        "Qual o seu nome completo ?": "Filipe Gomes Negri",
        "Qual a sua idade ?": "18 a 19 anos",
        "Qual o seu genêro sexual ?": "Masculino",
        "Qual a sua escolaridade ?": "Ensino Superior",
        "Você fez o Enem ?": "Sim",
        "Quantas horas de estudo por semana nessa disciplina ?": "De uma a três horas por semana",
        "Consigo identificar e entender as principais características e conceitos da arte contemporânea, como body art e arte digital?": "4",
        "Sinto-me capaz de analisar e interpretar obras de arte contemporâneas, considerando seu contexto e mensagem?": "3",
        "Tenho habilidade para relacionar as formas de expressão da arte contemporânea, como performances e instalações, com questões sociais e culturais atuais?": "4",
        "Entendo as principais características e influências das vanguardas artísticas europeias, como o expressionismo, cubismo e surrealismo?": "2",
        "Sou capaz de identificar as diferenças entre as várias vanguardas artísticas e explicar suas propostas de inovação na arte?": "2",
        "Consigo relacionar obras e artistas específicos às suas respectivas vanguardas artísticas?": "2",
        "Tenho conhecimento sobre o modernismo, especialmente no contexto brasileiro, e suas principais características e representantes?": "3",
        "Consigo compreender como o modernismo brasileiro foi influenciado pelas vanguardas europeias e ainda assim desenvolveu uma identidade própria?": "4",
        "Sinto-me confiante ao analisar obras modernistas, como as de Tarsila do Amaral, considerando seu contexto histórico e temático?": "4",
        "Tenho conhecimento sobre a história da arte em geral e posso identificar diferentes estilos e períodos artísticos?": "2",
        "Sinto-me confortável ao analisar e interpretar diferentes formas de arte, como fotografia, ópera do século XIX e xilogravura nordestina?": "4",
        "Consigo apreciar e entender a importância cultural de expressões artísticas como a cerâmica marajoara e a colagem?": "4",
        "Tenho conhecimento sobre a influência e as características da arte de origem africana no Brasil e das tradições indígenas?": "4",
        "Consigo reconhecer e valorizar a contribuição dessas culturas para a diversidade e riqueza da arte brasileira?": "4",
        "Sinto-me capaz de identificar e interpretar elementos culturais africanos e indígenas em diversas formas de expressão artística no Brasil?": "3"
    },
    {
        "Carimbo de data/hora": "02/02/2024 19:38:55",
        "Endereço de e-mail": "hiago.santana2@estudante.ifto.edu.br",
        "Qual o seu nome completo ?": "Hiago de Oliveira Santana",
        "Qual a sua idade ?": "18 a 19 anos",
        "Qual o seu genêro sexual ?": "Masculino",
        "Qual a sua escolaridade ?": "Ensino Médio",
        "Você fez o Enem ?": "Não",
        "Quantas horas de estudo por semana nessa disciplina ?": "Não estudo nenhuma hora",
        "Consigo identificar e entender as principais características e conceitos da arte contemporânea, como body art e arte digital?": "5",
        "Sinto-me capaz de analisar e interpretar obras de arte contemporâneas, considerando seu contexto e mensagem?": "5",
        "Tenho habilidade para relacionar as formas de expressão da arte contemporânea, como performances e instalações, com questões sociais e culturais atuais?": "5",
        "Entendo as principais características e influências das vanguardas artísticas europeias, como o expressionismo, cubismo e surrealismo?": "5",
        "Sou capaz de identificar as diferenças entre as várias vanguardas artísticas e explicar suas propostas de inovação na arte?": "5",
        "Consigo relacionar obras e artistas específicos às suas respectivas vanguardas artísticas?": "3",
        "Tenho conhecimento sobre o modernismo, especialmente no contexto brasileiro, e suas principais características e representantes?": "2",
        "Consigo compreender como o modernismo brasileiro foi influenciado pelas vanguardas europeias e ainda assim desenvolveu uma identidade própria?": "4",
        "Sinto-me confiante ao analisar obras modernistas, como as de Tarsila do Amaral, considerando seu contexto histórico e temático?": "2",
        "Tenho conhecimento sobre a história da arte em geral e posso identificar diferentes estilos e períodos artísticos?": "4",
        "Sinto-me confortável ao analisar e interpretar diferentes formas de arte, como fotografia, ópera do século XIX e xilogravura nordestina?": "5",
        "Consigo apreciar e entender a importância cultural de expressões artísticas como a cerâmica marajoara e a colagem?": "5",
        "Tenho conhecimento sobre a influência e as características da arte de origem africana no Brasil e das tradições indígenas?": "3",
        "Consigo reconhecer e valorizar a contribuição dessas culturas para a diversidade e riqueza da arte brasileira?": "5",
        "Sinto-me capaz de identificar e interpretar elementos culturais africanos e indígenas em diversas formas de expressão artística no Brasil?": "3"
    },
    {
        "Carimbo de data/hora": "02/02/2024 19:39:00",
        "Endereço de e-mail": "carlos.silva27@estudante.ifto.edu.br",
        "Qual o seu nome completo ?": "Carlos Andre Neres da Silva",
        "Qual a sua idade ?": "20 a 21 anos",
        "Qual o seu genêro sexual ?": "Masculino",
        "Qual a sua escolaridade ?": "Ensino Superior",
        "Você fez o Enem ?": "Não",
        "Quantas horas de estudo por semana nessa disciplina ?": "De três a cinco horas por semana",
        "Consigo identificar e entender as principais características e conceitos da arte contemporânea, como body art e arte digital?": "4",
        "Sinto-me capaz de analisar e interpretar obras de arte contemporâneas, considerando seu contexto e mensagem?": "4",
        "Tenho habilidade para relacionar as formas de expressão da arte contemporânea, como performances e instalações, com questões sociais e culturais atuais?": "5",
        "Entendo as principais características e influências das vanguardas artísticas europeias, como o expressionismo, cubismo e surrealismo?": "2",
        "Sou capaz de identificar as diferenças entre as várias vanguardas artísticas e explicar suas propostas de inovação na arte?": "2",
        "Consigo relacionar obras e artistas específicos às suas respectivas vanguardas artísticas?": "2",
        "Tenho conhecimento sobre o modernismo, especialmente no contexto brasileiro, e suas principais características e representantes?": "3",
        "Consigo compreender como o modernismo brasileiro foi influenciado pelas vanguardas europeias e ainda assim desenvolveu uma identidade própria?": "3",
        "Sinto-me confiante ao analisar obras modernistas, como as de Tarsila do Amaral, considerando seu contexto histórico e temático?": "2",
        "Tenho conhecimento sobre a história da arte em geral e posso identificar diferentes estilos e períodos artísticos?": "3",
        "Sinto-me confortável ao analisar e interpretar diferentes formas de arte, como fotografia, ópera do século XIX e xilogravura nordestina?": "5",
        "Consigo apreciar e entender a importância cultural de expressões artísticas como a cerâmica marajoara e a colagem?": "4",
        "Tenho conhecimento sobre a influência e as características da arte de origem africana no Brasil e das tradições indígenas?": "5",
        "Consigo reconhecer e valorizar a contribuição dessas culturas para a diversidade e riqueza da arte brasileira?": "5",
        "Sinto-me capaz de identificar e interpretar elementos culturais africanos e indígenas em diversas formas de expressão artística no Brasil?": "5"
    },
    {
        "Carimbo de data/hora": "02/02/2024 19:39:22",
        "Endereço de e-mail": "ellen.maciel2@estudante.ifto.edu.br",
        "Qual o seu nome completo ?": "ELLEN CRISTINY GOMES MACIEL",
        "Qual a sua idade ?": "acima de 21 anos",
        "Qual o seu genêro sexual ?": "Feminino",
        "Qual a sua escolaridade ?": "Mestrado",
        "Você fez o Enem ?": "Sim",
        "Quantas horas de estudo por semana nessa disciplina ?": "De uma a três horas por semana",
        "Consigo identificar e entender as principais características e conceitos da arte contemporânea, como body art e arte digital?": "3",
        "Sinto-me capaz de analisar e interpretar obras de arte contemporâneas, considerando seu contexto e mensagem?": "4",
        "Tenho habilidade para relacionar as formas de expressão da arte contemporânea, como performances e instalações, com questões sociais e culturais atuais?": "4",
        "Entendo as principais características e influências das vanguardas artísticas europeias, como o expressionismo, cubismo e surrealismo?": "4",
        "Sou capaz de identificar as diferenças entre as várias vanguardas artísticas e explicar suas propostas de inovação na arte?": "2",
        "Consigo relacionar obras e artistas específicos às suas respectivas vanguardas artísticas?": "5",
        "Tenho conhecimento sobre o modernismo, especialmente no contexto brasileiro, e suas principais características e representantes?": "4",
        "Consigo compreender como o modernismo brasileiro foi influenciado pelas vanguardas europeias e ainda assim desenvolveu uma identidade própria?": "4",
        "Sinto-me confiante ao analisar obras modernistas, como as de Tarsila do Amaral, considerando seu contexto histórico e temático?": "5",
        "Tenho conhecimento sobre a história da arte em geral e posso identificar diferentes estilos e períodos artísticos?": "4",
        "Sinto-me confortável ao analisar e interpretar diferentes formas de arte, como fotografia, ópera do século XIX e xilogravura nordestina?": "3",
        "Consigo apreciar e entender a importância cultural de expressões artísticas como a cerâmica marajoara e a colagem?": "4",
        "Tenho conhecimento sobre a influência e as características da arte de origem africana no Brasil e das tradições indígenas?": "3",
        "Consigo reconhecer e valorizar a contribuição dessas culturas para a diversidade e riqueza da arte brasileira?": "4",
        "Sinto-me capaz de identificar e interpretar elementos culturais africanos e indígenas em diversas formas de expressão artística no Brasil?": "4"
    },
    {
        "Carimbo de data/hora": "02/02/2024 19:39:35",
        "Endereço de e-mail": "aarao.oliveira2@estudante.ifto.edu.br",
        "Qual o seu nome completo ?": "Aarão Rocha Oliveira",
        "Qual a sua idade ?": "18 a 19 anos",
        "Qual o seu genêro sexual ?": "Masculino",
        "Qual a sua escolaridade ?": "Ensino Médio",
        "Você fez o Enem ?": "Sim",
        "Quantas horas de estudo por semana nessa disciplina ?": "Não estudo nenhuma hora",
        "Consigo identificar e entender as principais características e conceitos da arte contemporânea, como body art e arte digital?": "2",
        "Sinto-me capaz de analisar e interpretar obras de arte contemporâneas, considerando seu contexto e mensagem?": "3",
        "Tenho habilidade para relacionar as formas de expressão da arte contemporânea, como performances e instalações, com questões sociais e culturais atuais?": "3",
        "Entendo as principais características e influências das vanguardas artísticas europeias, como o expressionismo, cubismo e surrealismo?": "1",
        "Sou capaz de identificar as diferenças entre as várias vanguardas artísticas e explicar suas propostas de inovação na arte?": "1",
        "Consigo relacionar obras e artistas específicos às suas respectivas vanguardas artísticas?": "1",
        "Tenho conhecimento sobre o modernismo, especialmente no contexto brasileiro, e suas principais características e representantes?": "1",
        "Consigo compreender como o modernismo brasileiro foi influenciado pelas vanguardas europeias e ainda assim desenvolveu uma identidade própria?": "1",
        "Sinto-me confiante ao analisar obras modernistas, como as de Tarsila do Amaral, considerando seu contexto histórico e temático?": "1",
        "Tenho conhecimento sobre a história da arte em geral e posso identificar diferentes estilos e períodos artísticos?": "1",
        "Sinto-me confortável ao analisar e interpretar diferentes formas de arte, como fotografia, ópera do século XIX e xilogravura nordestina?": "2",
        "Consigo apreciar e entender a importância cultural de expressões artísticas como a cerâmica marajoara e a colagem?": "2",
        "Tenho conhecimento sobre a influência e as características da arte de origem africana no Brasil e das tradições indígenas?": "1",
        "Consigo reconhecer e valorizar a contribuição dessas culturas para a diversidade e riqueza da arte brasileira?": "1",
        "Sinto-me capaz de identificar e interpretar elementos culturais africanos e indígenas em diversas formas de expressão artística no Brasil?": "1"
    },
    {
        "Carimbo de data/hora": "02/02/2024 19:40:35",
        "Endereço de e-mail": "jeozadaque1304@gmail.com",
        "Qual o seu nome completo ?": "jeozadaque de oliveira silva",
        "Qual a sua idade ?": "acima de 21 anos",
        "Qual o seu genêro sexual ?": "Masculino",
        "Qual a sua escolaridade ?": "Ensino Superior",
        "Você fez o Enem ?": "Sim",
        "Quantas horas de estudo por semana nessa disciplina ?": "De três a cinco horas por semana",
        "Consigo identificar e entender as principais características e conceitos da arte contemporânea, como body art e arte digital?": "4",
        "Sinto-me capaz de analisar e interpretar obras de arte contemporâneas, considerando seu contexto e mensagem?": "3",
        "Tenho habilidade para relacionar as formas de expressão da arte contemporânea, como performances e instalações, com questões sociais e culturais atuais?": "3",
        "Entendo as principais características e influências das vanguardas artísticas europeias, como o expressionismo, cubismo e surrealismo?": "2",
        "Sou capaz de identificar as diferenças entre as várias vanguardas artísticas e explicar suas propostas de inovação na arte?": "2",
        "Consigo relacionar obras e artistas específicos às suas respectivas vanguardas artísticas?": "2",
        "Tenho conhecimento sobre o modernismo, especialmente no contexto brasileiro, e suas principais características e representantes?": "2",
        "Consigo compreender como o modernismo brasileiro foi influenciado pelas vanguardas europeias e ainda assim desenvolveu uma identidade própria?": "2",
        "Sinto-me confiante ao analisar obras modernistas, como as de Tarsila do Amaral, considerando seu contexto histórico e temático?": "2",
        "Tenho conhecimento sobre a história da arte em geral e posso identificar diferentes estilos e períodos artísticos?": "1",
        "Sinto-me confortável ao analisar e interpretar diferentes formas de arte, como fotografia, ópera do século XIX e xilogravura nordestina?": "2",
        "Consigo apreciar e entender a importância cultural de expressões artísticas como a cerâmica marajoara e a colagem?": "4",
        "Tenho conhecimento sobre a influência e as características da arte de origem africana no Brasil e das tradições indígenas?": "3",
        "Consigo reconhecer e valorizar a contribuição dessas culturas para a diversidade e riqueza da arte brasileira?": "4",
        "Sinto-me capaz de identificar e interpretar elementos culturais africanos e indígenas em diversas formas de expressão artística no Brasil?": "2"
    },
    {
        "Carimbo de data/hora": "02/02/2024 19:43:37",
        "Endereço de e-mail": "arthur.oliveira4@estudante.ifto.edu.br",
        "Qual o seu nome completo ?": "Arthur Maciel de Oliveira",
        "Qual a sua idade ?": "18 a 19 anos",
        "Qual o seu genêro sexual ?": "Masculino",
        "Qual a sua escolaridade ?": "Ensino Médio",
        "Você fez o Enem ?": "Sim",
        "Quantas horas de estudo por semana nessa disciplina ?": "Não estudo nenhuma hora",
        "Consigo identificar e entender as principais características e conceitos da arte contemporânea, como body art e arte digital?": "3",
        "Sinto-me capaz de analisar e interpretar obras de arte contemporâneas, considerando seu contexto e mensagem?": "4",
        "Tenho habilidade para relacionar as formas de expressão da arte contemporânea, como performances e instalações, com questões sociais e culturais atuais?": "3",
        "Entendo as principais características e influências das vanguardas artísticas europeias, como o expressionismo, cubismo e surrealismo?": "4",
        "Sou capaz de identificar as diferenças entre as várias vanguardas artísticas e explicar suas propostas de inovação na arte?": "3",
        "Consigo relacionar obras e artistas específicos às suas respectivas vanguardas artísticas?": "2",
        "Tenho conhecimento sobre o modernismo, especialmente no contexto brasileiro, e suas principais características e representantes?": "2",
        "Consigo compreender como o modernismo brasileiro foi influenciado pelas vanguardas europeias e ainda assim desenvolveu uma identidade própria?": "2",
        "Sinto-me confiante ao analisar obras modernistas, como as de Tarsila do Amaral, considerando seu contexto histórico e temático?": "3",
        "Tenho conhecimento sobre a história da arte em geral e posso identificar diferentes estilos e períodos artísticos?": "3",
        "Sinto-me confortável ao analisar e interpretar diferentes formas de arte, como fotografia, ópera do século XIX e xilogravura nordestina?": "3",
        "Consigo apreciar e entender a importância cultural de expressões artísticas como a cerâmica marajoara e a colagem?": "3",
        "Tenho conhecimento sobre a influência e as características da arte de origem africana no Brasil e das tradições indígenas?": "2",
        "Consigo reconhecer e valorizar a contribuição dessas culturas para a diversidade e riqueza da arte brasileira?": "5",
        "Sinto-me capaz de identificar e interpretar elementos culturais africanos e indígenas em diversas formas de expressão artística no Brasil?": "4"
    },
    {
        "Carimbo de data/hora": "02/02/2024 19:44:50",
        "Endereço de e-mail": "alysson.silva2@estudante.ifto.edu.br",
        "Qual o seu nome completo ?": "ALYSSON NERES DA SILVA",
        "Qual a sua idade ?": "acima de 21 anos",
        "Qual o seu genêro sexual ?": "Masculino",
        "Qual a sua escolaridade ?": "Ensino Superior",
        "Você fez o Enem ?": "Sim",
        "Quantas horas de estudo por semana nessa disciplina ?": "Não estudo nenhuma hora",
        "Consigo identificar e entender as principais características e conceitos da arte contemporânea, como body art e arte digital?": "1",
        "Sinto-me capaz de analisar e interpretar obras de arte contemporâneas, considerando seu contexto e mensagem?": "1",
        "Tenho habilidade para relacionar as formas de expressão da arte contemporânea, como performances e instalações, com questões sociais e culturais atuais?": "1",
        "Entendo as principais características e influências das vanguardas artísticas europeias, como o expressionismo, cubismo e surrealismo?": "1",
        "Sou capaz de identificar as diferenças entre as várias vanguardas artísticas e explicar suas propostas de inovação na arte?": "1",
        "Consigo relacionar obras e artistas específicos às suas respectivas vanguardas artísticas?": "1",
        "Tenho conhecimento sobre o modernismo, especialmente no contexto brasileiro, e suas principais características e representantes?": "1",
        "Consigo compreender como o modernismo brasileiro foi influenciado pelas vanguardas europeias e ainda assim desenvolveu uma identidade própria?": "1",
        "Sinto-me confiante ao analisar obras modernistas, como as de Tarsila do Amaral, considerando seu contexto histórico e temático?": "1",
        "Tenho conhecimento sobre a história da arte em geral e posso identificar diferentes estilos e períodos artísticos?": "1",
        "Sinto-me confortável ao analisar e interpretar diferentes formas de arte, como fotografia, ópera do século XIX e xilogravura nordestina?": "1",
        "Consigo apreciar e entender a importância cultural de expressões artísticas como a cerâmica marajoara e a colagem?": "1",
        "Tenho conhecimento sobre a influência e as características da arte de origem africana no Brasil e das tradições indígenas?": "1",
        "Consigo reconhecer e valorizar a contribuição dessas culturas para a diversidade e riqueza da arte brasileira?": "1",
        "Sinto-me capaz de identificar e interpretar elementos culturais africanos e indígenas em diversas formas de expressão artística no Brasil?": "1"
    },
    {
        "Carimbo de data/hora": "02/02/2024 19:45:33",
        "Endereço de e-mail": "blackmenezes123@gmail.com",
        "Qual o seu nome completo ?": "Matheus Moreira de Menezes",
        "Qual a sua idade ?": "20 a 21 anos",
        "Qual o seu genêro sexual ?": "Masculino",
        "Qual a sua escolaridade ?": "Ensino Médio",
        "Você fez o Enem ?": "Não",
        "Quantas horas de estudo por semana nessa disciplina ?": "Não estudo nenhuma hora",
        "Consigo identificar e entender as principais características e conceitos da arte contemporânea, como body art e arte digital?": "2",
        "Sinto-me capaz de analisar e interpretar obras de arte contemporâneas, considerando seu contexto e mensagem?": "3",
        "Tenho habilidade para relacionar as formas de expressão da arte contemporânea, como performances e instalações, com questões sociais e culturais atuais?": "3",
        "Entendo as principais características e influências das vanguardas artísticas europeias, como o expressionismo, cubismo e surrealismo?": "3",
        "Sou capaz de identificar as diferenças entre as várias vanguardas artísticas e explicar suas propostas de inovação na arte?": "2",
        "Consigo relacionar obras e artistas específicos às suas respectivas vanguardas artísticas?": "1",
        "Tenho conhecimento sobre o modernismo, especialmente no contexto brasileiro, e suas principais características e representantes?": "2",
        "Consigo compreender como o modernismo brasileiro foi influenciado pelas vanguardas europeias e ainda assim desenvolveu uma identidade própria?": "2",
        "Sinto-me confiante ao analisar obras modernistas, como as de Tarsila do Amaral, considerando seu contexto histórico e temático?": "2",
        "Tenho conhecimento sobre a história da arte em geral e posso identificar diferentes estilos e períodos artísticos?": "2",
        "Sinto-me confortável ao analisar e interpretar diferentes formas de arte, como fotografia, ópera do século XIX e xilogravura nordestina?": "1",
        "Consigo apreciar e entender a importância cultural de expressões artísticas como a cerâmica marajoara e a colagem?": "2",
        "Tenho conhecimento sobre a influência e as características da arte de origem africana no Brasil e das tradições indígenas?": "3",
        "Consigo reconhecer e valorizar a contribuição dessas culturas para a diversidade e riqueza da arte brasileira?": "3",
        "Sinto-me capaz de identificar e interpretar elementos culturais africanos e indígenas em diversas formas de expressão artística no Brasil?": "2"
    },
    {
        "Carimbo de data/hora": "02/02/2024 19:46:02",
        "Endereço de e-mail": "luan.carvalho2@estudante.ifto.edu.br",
        "Qual o seu nome completo ?": "Luan da Silva Carvalho",
        "Qual a sua idade ?": "20 a 21 anos",
        "Qual o seu genêro sexual ?": "Masculino",
        "Qual a sua escolaridade ?": "Ensino Médio",
        "Você fez o Enem ?": "Sim",
        "Quantas horas de estudo por semana nessa disciplina ?": "Não estudo nenhuma hora",
        "Consigo identificar e entender as principais características e conceitos da arte contemporânea, como body art e arte digital?": "2",
        "Sinto-me capaz de analisar e interpretar obras de arte contemporâneas, considerando seu contexto e mensagem?": "3",
        "Tenho habilidade para relacionar as formas de expressão da arte contemporânea, como performances e instalações, com questões sociais e culturais atuais?": "2",
        "Entendo as principais características e influências das vanguardas artísticas europeias, como o expressionismo, cubismo e surrealismo?": "1",
        "Sou capaz de identificar as diferenças entre as várias vanguardas artísticas e explicar suas propostas de inovação na arte?": "1",
        "Consigo relacionar obras e artistas específicos às suas respectivas vanguardas artísticas?": "2",
        "Tenho conhecimento sobre o modernismo, especialmente no contexto brasileiro, e suas principais características e representantes?": "1",
        "Consigo compreender como o modernismo brasileiro foi influenciado pelas vanguardas europeias e ainda assim desenvolveu uma identidade própria?": "1",
        "Sinto-me confiante ao analisar obras modernistas, como as de Tarsila do Amaral, considerando seu contexto histórico e temático?": "1",
        "Tenho conhecimento sobre a história da arte em geral e posso identificar diferentes estilos e períodos artísticos?": "2",
        "Sinto-me confortável ao analisar e interpretar diferentes formas de arte, como fotografia, ópera do século XIX e xilogravura nordestina?": "2",
        "Consigo apreciar e entender a importância cultural de expressões artísticas como a cerâmica marajoara e a colagem?": "2",
        "Tenho conhecimento sobre a influência e as características da arte de origem africana no Brasil e das tradições indígenas?": "2",
        "Consigo reconhecer e valorizar a contribuição dessas culturas para a diversidade e riqueza da arte brasileira?": "5",
        "Sinto-me capaz de identificar e interpretar elementos culturais africanos e indígenas em diversas formas de expressão artística no Brasil?": "3"
    },
    {
        "Carimbo de data/hora": "02/02/2024 19:46:11",
        "Endereço de e-mail": "beatriz.santos10@estudante.ifto.edu.br",
        "Qual o seu nome completo ?": "Beatriz Coelho dos Santos ",
        "Qual a sua idade ?": "18 a 19 anos",
        "Qual o seu genêro sexual ?": "Feminino",
        "Qual a sua escolaridade ?": "Ensino Superior",
        "Você fez o Enem ?": "Sim",
        "Quantas horas de estudo por semana nessa disciplina ?": "De cinco a sete horas por semana",
        "Consigo identificar e entender as principais características e conceitos da arte contemporânea, como body art e arte digital?": "3",
        "Sinto-me capaz de analisar e interpretar obras de arte contemporâneas, considerando seu contexto e mensagem?": "1",
        "Tenho habilidade para relacionar as formas de expressão da arte contemporânea, como performances e instalações, com questões sociais e culturais atuais?": "2",
        "Entendo as principais características e influências das vanguardas artísticas europeias, como o expressionismo, cubismo e surrealismo?": "1",
        "Sou capaz de identificar as diferenças entre as várias vanguardas artísticas e explicar suas propostas de inovação na arte?": "1",
        "Consigo relacionar obras e artistas específicos às suas respectivas vanguardas artísticas?": "1",
        "Tenho conhecimento sobre o modernismo, especialmente no contexto brasileiro, e suas principais características e representantes?": "3",
        "Consigo compreender como o modernismo brasileiro foi influenciado pelas vanguardas europeias e ainda assim desenvolveu uma identidade própria?": "1",
        "Sinto-me confiante ao analisar obras modernistas, como as de Tarsila do Amaral, considerando seu contexto histórico e temático?": "4",
        "Tenho conhecimento sobre a história da arte em geral e posso identificar diferentes estilos e períodos artísticos?": "1",
        "Sinto-me confortável ao analisar e interpretar diferentes formas de arte, como fotografia, ópera do século XIX e xilogravura nordestina?": "3",
        "Consigo apreciar e entender a importância cultural de expressões artísticas como a cerâmica marajoara e a colagem?": "1",
        "Tenho conhecimento sobre a influência e as características da arte de origem africana no Brasil e das tradições indígenas?": "5",
        "Consigo reconhecer e valorizar a contribuição dessas culturas para a diversidade e riqueza da arte brasileira?": "4",
        "Sinto-me capaz de identificar e interpretar elementos culturais africanos e indígenas em diversas formas de expressão artística no Brasil?": "4"
    },
    {
        "Carimbo de data/hora": "02/02/2024 19:46:26",
        "Endereço de e-mail": "mario.ferreira2@estudante.ifto.edu.br",
        "Qual o seu nome completo ?": "Mário Rafael Costa Ferreira",
        "Qual a sua idade ?": "acima de 21 anos",
        "Qual o seu genêro sexual ?": "Masculino",
        "Qual a sua escolaridade ?": "Ensino Superior",
        "Você fez o Enem ?": "Sim",
        "Quantas horas de estudo por semana nessa disciplina ?": "De três a cinco horas por semana",
        "Consigo identificar e entender as principais características e conceitos da arte contemporânea, como body art e arte digital?": "1",
        "Sinto-me capaz de analisar e interpretar obras de arte contemporâneas, considerando seu contexto e mensagem?": "2",
        "Tenho habilidade para relacionar as formas de expressão da arte contemporânea, como performances e instalações, com questões sociais e culturais atuais?": "1",
        "Entendo as principais características e influências das vanguardas artísticas europeias, como o expressionismo, cubismo e surrealismo?": "1",
        "Sou capaz de identificar as diferenças entre as várias vanguardas artísticas e explicar suas propostas de inovação na arte?": "1",
        "Consigo relacionar obras e artistas específicos às suas respectivas vanguardas artísticas?": "1",
        "Tenho conhecimento sobre o modernismo, especialmente no contexto brasileiro, e suas principais características e representantes?": "2",
        "Consigo compreender como o modernismo brasileiro foi influenciado pelas vanguardas europeias e ainda assim desenvolveu uma identidade própria?": "1",
        "Sinto-me confiante ao analisar obras modernistas, como as de Tarsila do Amaral, considerando seu contexto histórico e temático?": "1",
        "Tenho conhecimento sobre a história da arte em geral e posso identificar diferentes estilos e períodos artísticos?": "2",
        "Sinto-me confortável ao analisar e interpretar diferentes formas de arte, como fotografia, ópera do século XIX e xilogravura nordestina?": "1",
        "Consigo apreciar e entender a importância cultural de expressões artísticas como a cerâmica marajoara e a colagem?": "1",
        "Tenho conhecimento sobre a influência e as características da arte de origem africana no Brasil e das tradições indígenas?": "1",
        "Consigo reconhecer e valorizar a contribuição dessas culturas para a diversidade e riqueza da arte brasileira?": "3",
        "Sinto-me capaz de identificar e interpretar elementos culturais africanos e indígenas em diversas formas de expressão artística no Brasil?": "1"
    },
    {
        "Carimbo de data/hora": "02/02/2024 19:47:41",
        "Endereço de e-mail": "douglas.carvalho2@estudante.ifto.edu.br",
        "Qual o seu nome completo ?": "douglas luz de oliveira carvalho",
        "Qual a sua idade ?": "acima de 21 anos",
        "Qual o seu genêro sexual ?": "Masculino",
        "Qual a sua escolaridade ?": "Ensino Superior",
        "Você fez o Enem ?": "Sim",
        "Quantas horas de estudo por semana nessa disciplina ?": "De três a cinco horas por semana",
        "Consigo identificar e entender as principais características e conceitos da arte contemporânea, como body art e arte digital?": "3",
        "Sinto-me capaz de analisar e interpretar obras de arte contemporâneas, considerando seu contexto e mensagem?": "2",
        "Tenho habilidade para relacionar as formas de expressão da arte contemporânea, como performances e instalações, com questões sociais e culturais atuais?": "1",
        "Entendo as principais características e influências das vanguardas artísticas europeias, como o expressionismo, cubismo e surrealismo?": "3",
        "Sou capaz de identificar as diferenças entre as várias vanguardas artísticas e explicar suas propostas de inovação na arte?": "3",
        "Consigo relacionar obras e artistas específicos às suas respectivas vanguardas artísticas?": "3",
        "Tenho conhecimento sobre o modernismo, especialmente no contexto brasileiro, e suas principais características e representantes?": "2",
        "Consigo compreender como o modernismo brasileiro foi influenciado pelas vanguardas europeias e ainda assim desenvolveu uma identidade própria?": "3",
        "Sinto-me confiante ao analisar obras modernistas, como as de Tarsila do Amaral, considerando seu contexto histórico e temático?": "3",
        "Tenho conhecimento sobre a história da arte em geral e posso identificar diferentes estilos e períodos artísticos?": "3",
        "Sinto-me confortável ao analisar e interpretar diferentes formas de arte, como fotografia, ópera do século XIX e xilogravura nordestina?": "3",
        "Consigo apreciar e entender a importância cultural de expressões artísticas como a cerâmica marajoara e a colagem?": "3",
        "Tenho conhecimento sobre a influência e as características da arte de origem africana no Brasil e das tradições indígenas?": "2",
        "Consigo reconhecer e valorizar a contribuição dessas culturas para a diversidade e riqueza da arte brasileira?": "1",
        "Sinto-me capaz de identificar e interpretar elementos culturais africanos e indígenas em diversas formas de expressão artística no Brasil?": "2"
    },
    {
        "Carimbo de data/hora": "02/02/2024 19:48:38",
        "Endereço de e-mail": "gustavo.silva12@estudante.ifto.edu.br",
        "Qual o seu nome completo ?": "GUSTAVO BRUNNO LUCENA E SILVA",
        "Qual a sua idade ?": "acima de 21 anos",
        "Qual o seu genêro sexual ?": "Masculino",
        "Qual a sua escolaridade ?": "Ensino Superior",
        "Você fez o Enem ?": "Sim",
        "Quantas horas de estudo por semana nessa disciplina ?": "De uma a três horas por semana",
        "Consigo identificar e entender as principais características e conceitos da arte contemporânea, como body art e arte digital?": "4",
        "Sinto-me capaz de analisar e interpretar obras de arte contemporâneas, considerando seu contexto e mensagem?": "5",
        "Tenho habilidade para relacionar as formas de expressão da arte contemporânea, como performances e instalações, com questões sociais e culturais atuais?": "5",
        "Entendo as principais características e influências das vanguardas artísticas europeias, como o expressionismo, cubismo e surrealismo?": "5",
        "Sou capaz de identificar as diferenças entre as várias vanguardas artísticas e explicar suas propostas de inovação na arte?": "5",
        "Consigo relacionar obras e artistas específicos às suas respectivas vanguardas artísticas?": "4",
        "Tenho conhecimento sobre o modernismo, especialmente no contexto brasileiro, e suas principais características e representantes?": "5",
        "Consigo compreender como o modernismo brasileiro foi influenciado pelas vanguardas europeias e ainda assim desenvolveu uma identidade própria?": "5",
        "Sinto-me confiante ao analisar obras modernistas, como as de Tarsila do Amaral, considerando seu contexto histórico e temático?": "3",
        "Tenho conhecimento sobre a história da arte em geral e posso identificar diferentes estilos e períodos artísticos?": "3",
        "Sinto-me confortável ao analisar e interpretar diferentes formas de arte, como fotografia, ópera do século XIX e xilogravura nordestina?": "2",
        "Consigo apreciar e entender a importância cultural de expressões artísticas como a cerâmica marajoara e a colagem?": "2",
        "Tenho conhecimento sobre a influência e as características da arte de origem africana no Brasil e das tradições indígenas?": "3",
        "Consigo reconhecer e valorizar a contribuição dessas culturas para a diversidade e riqueza da arte brasileira?": "4",
        "Sinto-me capaz de identificar e interpretar elementos culturais africanos e indígenas em diversas formas de expressão artística no Brasil?": "3"
    },
    {
        "Carimbo de data/hora": "02/02/2024 19:54:55",
        "Endereço de e-mail": "hiago.fernandes@estudante.ifto.edu.br",
        "Qual o seu nome completo ?": "Hiago Ribeiro Fernandes ",
        "Qual a sua idade ?": "18 a 19 anos",
        "Qual o seu genêro sexual ?": "Masculino",
        "Qual a sua escolaridade ?": "Ensino Médio",
        "Você fez o Enem ?": "Sim",
        "Quantas horas de estudo por semana nessa disciplina ?": "De uma a três horas por semana",
        "Consigo identificar e entender as principais características e conceitos da arte contemporânea, como body art e arte digital?": "4",
        "Sinto-me capaz de analisar e interpretar obras de arte contemporâneas, considerando seu contexto e mensagem?": "4",
        "Tenho habilidade para relacionar as formas de expressão da arte contemporânea, como performances e instalações, com questões sociais e culturais atuais?": "4",
        "Entendo as principais características e influências das vanguardas artísticas europeias, como o expressionismo, cubismo e surrealismo?": "3",
        "Sou capaz de identificar as diferenças entre as várias vanguardas artísticas e explicar suas propostas de inovação na arte?": "3",
        "Consigo relacionar obras e artistas específicos às suas respectivas vanguardas artísticas?": "3",
        "Tenho conhecimento sobre o modernismo, especialmente no contexto brasileiro, e suas principais características e representantes?": "3",
        "Consigo compreender como o modernismo brasileiro foi influenciado pelas vanguardas europeias e ainda assim desenvolveu uma identidade própria?": "3",
        "Sinto-me confiante ao analisar obras modernistas, como as de Tarsila do Amaral, considerando seu contexto histórico e temático?": "3",
        "Tenho conhecimento sobre a história da arte em geral e posso identificar diferentes estilos e períodos artísticos?": "4",
        "Sinto-me confortável ao analisar e interpretar diferentes formas de arte, como fotografia, ópera do século XIX e xilogravura nordestina?": "4",
        "Consigo apreciar e entender a importância cultural de expressões artísticas como a cerâmica marajoara e a colagem?": "4",
        "Tenho conhecimento sobre a influência e as características da arte de origem africana no Brasil e das tradições indígenas?": "2",
        "Consigo reconhecer e valorizar a contribuição dessas culturas para a diversidade e riqueza da arte brasileira?": "3",
        "Sinto-me capaz de identificar e interpretar elementos culturais africanos e indígenas em diversas formas de expressão artística no Brasil?": "2"
    },
    {
        "Carimbo de data/hora": "02/02/2024 20:06:31",
        "Endereço de e-mail": "macaetanosss@gmail.com",
        "Qual o seu nome completo ?": "Marco Antonio Caetano da Silva",
        "Qual a sua idade ?": "acima de 21 anos",
        "Qual o seu genêro sexual ?": "Masculino",
        "Qual a sua escolaridade ?": "Ensino Médio",
        "Você fez o Enem ?": "Sim",
        "Quantas horas de estudo por semana nessa disciplina ?": "De uma a três horas por semana",
        "Consigo identificar e entender as principais características e conceitos da arte contemporânea, como body art e arte digital?": "4",
        "Sinto-me capaz de analisar e interpretar obras de arte contemporâneas, considerando seu contexto e mensagem?": "3",
        "Tenho habilidade para relacionar as formas de expressão da arte contemporânea, como performances e instalações, com questões sociais e culturais atuais?": "3",
        "Entendo as principais características e influências das vanguardas artísticas europeias, como o expressionismo, cubismo e surrealismo?": "2",
        "Sou capaz de identificar as diferenças entre as várias vanguardas artísticas e explicar suas propostas de inovação na arte?": "2",
        "Consigo relacionar obras e artistas específicos às suas respectivas vanguardas artísticas?": "2",
        "Tenho conhecimento sobre o modernismo, especialmente no contexto brasileiro, e suas principais características e representantes?": "2",
        "Consigo compreender como o modernismo brasileiro foi influenciado pelas vanguardas europeias e ainda assim desenvolveu uma identidade própria?": "2",
        "Sinto-me confiante ao analisar obras modernistas, como as de Tarsila do Amaral, considerando seu contexto histórico e temático?": "3",
        "Tenho conhecimento sobre a história da arte em geral e posso identificar diferentes estilos e períodos artísticos?": "2",
        "Sinto-me confortável ao analisar e interpretar diferentes formas de arte, como fotografia, ópera do século XIX e xilogravura nordestina?": "2",
        "Consigo apreciar e entender a importância cultural de expressões artísticas como a cerâmica marajoara e a colagem?": "2",
        "Tenho conhecimento sobre a influência e as características da arte de origem africana no Brasil e das tradições indígenas?": "3",
        "Consigo reconhecer e valorizar a contribuição dessas culturas para a diversidade e riqueza da arte brasileira?": "3",
        "Sinto-me capaz de identificar e interpretar elementos culturais africanos e indígenas em diversas formas de expressão artística no Brasil?": "3"
    },
    {
        "Carimbo de data/hora": "07/02/2024 21:20:18",
        "Endereço de e-mail": "isabelivia0910@gmail.com",
        "Qual o seu nome completo ?": "Isabel Livia de Oliveira Rodrigues",
        "Qual a sua idade ?": "20 a 21 anos",
        "Qual o seu genêro sexual ?": "Feminino",
        "Qual a sua escolaridade ?": "Ensino Superior",
        "Você fez o Enem ?": "Sim",
        "Quantas horas de estudo por semana nessa disciplina ?": "Não estudo nenhuma hora",
        "Consigo identificar e entender as principais características e conceitos da arte contemporânea, como body art e arte digital?": "3",
        "Sinto-me capaz de analisar e interpretar obras de arte contemporâneas, considerando seu contexto e mensagem?": "4",
        "Tenho habilidade para relacionar as formas de expressão da arte contemporânea, como performances e instalações, com questões sociais e culturais atuais?": "4",
        "Entendo as principais características e influências das vanguardas artísticas europeias, como o expressionismo, cubismo e surrealismo?": "4",
        "Sou capaz de identificar as diferenças entre as várias vanguardas artísticas e explicar suas propostas de inovação na arte?": "3",
        "Consigo relacionar obras e artistas específicos às suas respectivas vanguardas artísticas?": "3",
        "Tenho conhecimento sobre o modernismo, especialmente no contexto brasileiro, e suas principais características e representantes?": "4",
        "Consigo compreender como o modernismo brasileiro foi influenciado pelas vanguardas europeias e ainda assim desenvolveu uma identidade própria?": "3",
        "Sinto-me confiante ao analisar obras modernistas, como as de Tarsila do Amaral, considerando seu contexto histórico e temático?": "3",
        "Tenho conhecimento sobre a história da arte em geral e posso identificar diferentes estilos e períodos artísticos?": "4",
        "Sinto-me confortável ao analisar e interpretar diferentes formas de arte, como fotografia, ópera do século XIX e xilogravura nordestina?": "4",
        "Consigo apreciar e entender a importância cultural de expressões artísticas como a cerâmica marajoara e a colagem?": "4",
        "Tenho conhecimento sobre a influência e as características da arte de origem africana no Brasil e das tradições indígenas?": "4",
        "Consigo reconhecer e valorizar a contribuição dessas culturas para a diversidade e riqueza da arte brasileira?": "5",
        "Sinto-me capaz de identificar e interpretar elementos culturais africanos e indígenas em diversas formas de expressão artística no Brasil?": "5"
    },
    {
        "Carimbo de data/hora": "07/02/2024 21:31:07",
        "Endereço de e-mail": "vinicius.zerbini2@estudante.ifto.edu.br",
        "Qual o seu nome completo ?": "Vinicius Zerbini",
        "Qual a sua idade ?": "18 a 19 anos",
        "Qual o seu genêro sexual ?": "Masculino",
        "Qual a sua escolaridade ?": "Ensino Superior",
        "Você fez o Enem ?": "Não",
        "Quantas horas de estudo por semana nessa disciplina ?": "Não estudo nenhuma hora",
        "Consigo identificar e entender as principais características e conceitos da arte contemporânea, como body art e arte digital?": "3",
        "Sinto-me capaz de analisar e interpretar obras de arte contemporâneas, considerando seu contexto e mensagem?": "1",
        "Tenho habilidade para relacionar as formas de expressão da arte contemporânea, como performances e instalações, com questões sociais e culturais atuais?": "5",
        "Entendo as principais características e influências das vanguardas artísticas europeias, como o expressionismo, cubismo e surrealismo?": "2",
        "Sou capaz de identificar as diferenças entre as várias vanguardas artísticas e explicar suas propostas de inovação na arte?": "3",
        "Consigo relacionar obras e artistas específicos às suas respectivas vanguardas artísticas?": "1",
        "Tenho conhecimento sobre o modernismo, especialmente no contexto brasileiro, e suas principais características e representantes?": "1",
        "Consigo compreender como o modernismo brasileiro foi influenciado pelas vanguardas europeias e ainda assim desenvolveu uma identidade própria?": "2",
        "Sinto-me confiante ao analisar obras modernistas, como as de Tarsila do Amaral, considerando seu contexto histórico e temático?": "1",
        "Tenho conhecimento sobre a história da arte em geral e posso identificar diferentes estilos e períodos artísticos?": "1",
        "Sinto-me confortável ao analisar e interpretar diferentes formas de arte, como fotografia, ópera do século XIX e xilogravura nordestina?": "2",
        "Consigo apreciar e entender a importância cultural de expressões artísticas como a cerâmica marajoara e a colagem?": "1",
        "Tenho conhecimento sobre a influência e as características da arte de origem africana no Brasil e das tradições indígenas?": "1",
        "Consigo reconhecer e valorizar a contribuição dessas culturas para a diversidade e riqueza da arte brasileira?": "1",
        "Sinto-me capaz de identificar e interpretar elementos culturais africanos e indígenas em diversas formas de expressão artística no Brasil?": "1"
    },
    {
        "Carimbo de data/hora": "07/02/2024 21:51:45",
        "Endereço de e-mail": "milena.sinesio2@estudante.ifto.edu.br",
        "Qual o seu nome completo ?": "Milena Carvalho Sinesio",
        "Qual a sua idade ?": "acima de 21 anos",
        "Qual o seu genêro sexual ?": "Feminino",
        "Qual a sua escolaridade ?": "Ensino Superior",
        "Você fez o Enem ?": "Sim",
        "Quantas horas de estudo por semana nessa disciplina ?": "Não estudo nenhuma hora",
        "Consigo identificar e entender as principais características e conceitos da arte contemporânea, como body art e arte digital?": "3",
        "Sinto-me capaz de analisar e interpretar obras de arte contemporâneas, considerando seu contexto e mensagem?": "3",
        "Tenho habilidade para relacionar as formas de expressão da arte contemporânea, como performances e instalações, com questões sociais e culturais atuais?": "3",
        "Entendo as principais características e influências das vanguardas artísticas europeias, como o expressionismo, cubismo e surrealismo?": "3",
        "Sou capaz de identificar as diferenças entre as várias vanguardas artísticas e explicar suas propostas de inovação na arte?": "3",
        "Consigo relacionar obras e artistas específicos às suas respectivas vanguardas artísticas?": "3",
        "Tenho conhecimento sobre o modernismo, especialmente no contexto brasileiro, e suas principais características e representantes?": "3",
        "Consigo compreender como o modernismo brasileiro foi influenciado pelas vanguardas europeias e ainda assim desenvolveu uma identidade própria?": "3",
        "Sinto-me confiante ao analisar obras modernistas, como as de Tarsila do Amaral, considerando seu contexto histórico e temático?": "1",
        "Tenho conhecimento sobre a história da arte em geral e posso identificar diferentes estilos e períodos artísticos?": "3",
        "Sinto-me confortável ao analisar e interpretar diferentes formas de arte, como fotografia, ópera do século XIX e xilogravura nordestina?": "3",
        "Consigo apreciar e entender a importância cultural de expressões artísticas como a cerâmica marajoara e a colagem?": "3",
        "Tenho conhecimento sobre a influência e as características da arte de origem africana no Brasil e das tradições indígenas?": "3",
        "Consigo reconhecer e valorizar a contribuição dessas culturas para a diversidade e riqueza da arte brasileira?": "3",
        "Sinto-me capaz de identificar e interpretar elementos culturais africanos e indígenas em diversas formas de expressão artística no Brasil?": "3"
    }
]